commit	val_mse	status	description
c9228cd	3.241197	baseline	baseline: cross-attn GNN, MSE loss, lr=1e-3, hidden=128, layers=3
230054e	3.659078	reverted	exp1: log-space MSE loss + cosine LR — worse (loss/eval mismatch)
835e895	3.154557	kept	exp2: bidirectional cross-attention (pattern↔graph) — improved
d124847	4.422381	reverted	exp3: mean-pool — worse
4c23ad1	14.848811	reverted	exp4: sum-pool for graph — much worse (unbounded)
b3e7068	8.904295	reverted	exp5: 2 rounds bidirectional attn — too slow (0.40M params)
0406193	1.438336	kept	exp6: residual cross-attn (pre-norm) + dropout 0.1 — big win
03170a7	1.298303	kept	exp7: dropout 0.05 + cosine LR warmup — improved
2d0790b	1.047217	kept	exp8: dropout 0.0 — improved (3338 steps, faster without dropout)
874c4f7	1.419189	reverted	exp9: hidden_dim=160 — too slow to converge
9a405c0	1.419189	reverted	exp10: 4 GNN layers — too slow
99ebfee	2.634432	reverted	exp11: LR=3e-3 — diverged
e0b292b	1.341822	reverted	exp12: batch=128 — worse
e0ad449	1.320359	reverted	exp13: Huber loss — worse
51e91cd	1.281025	reverted	exp14: LR=2e-3 — worse
a69d4c5	1.057374	reverted	exp15: AdamW wd=1e-4 — marginal, not better
e06e850	0.834647	kept	exp16: GELU activation — improved
2a86076	1.844812	reverted	exp17: separate GNN encoders — too many params (0.37M)
2841152	0.759924	kept	exp18: cosine schedule 2000→3500 steps — improved
(many failed: pool variants, more layers, LR changes, Huber, EMA, SGDR-ish)
00bb765	0.756031	kept	exp37: cosine LR warm restart at step 2000 (SGDR) — marginal improvement
5df85df	1.206226	reverted	exp50: JK-net (concat all layer outputs + project) — too slow to converge
6646e4d	0.986049	reverted	exp51: count-sqrt weighted MSE — biases toward non-zero, hurts zero samples
5ed89ee	1.427095	reverted	exp52: GCN symmetric norm D^{-1/2}AD^{-1/2} — row-norm is better here
8d7fc90	0.884324	reverted	exp53: masked max-pool with -inf for padding — zero-pad behavior is better (model uses it)
7d26c12	0.840514	reverted	exp54: NUM_LAYERS=2 — more steps but insufficient depth for graph encoding
85de08c	0.915569	reverted	exp55: LayerNorm before max-pool — hurt performance
cabf44d	0.864196	reverted	exp56: 8 attention heads (vs 4) — worse, 4 heads better for H=128
c4c9a77	0.756528	reverted	exp57: element-wise interaction p_pool*g_pool — marginally worse (within noise)
7dcb32b	0.814014	reverted	exp58: zero-inflated two-head (P(nz)*E[count|nz]) — worse, product unstable
cd82c2f	0.847956	reverted	exp59: SGDR restart at step 1500 — shorter cycle 1 hurts exploration
16c627b	2.550726	reverted	exp60: pre-norm GNN layer — much worse, post-norm is critical for GNN
10a0f46	0.565881	kept	exp61: gated-sum pool (sigmoid gate from g_out) + max-pool, predict 3H — big win
551d993	0.429090	kept	exp62: vector gate (H->H) for gated-sum — per-dimension gating, bigger win
de979fd	0.460339	reverted	exp63: pattern-side gated-sum (4H predict) — too many params, worse
8a2a1a7	0.587484	reverted	exp64: 2-layer gate MLP — too many params, too few steps to converge
617d5f8	0.428171	kept	exp65: gate(g_out) applied to g_enc values — structural count, marginal improvement
00054d9	0.525238	reverted	exp66: HIDDEN_DIM=112 — insufficient capacity
6c7a7f5	1.137850	reverted	exp67: cross-attn weights as gates — softmax normalization hurts counting
8c28ba9	0.474482	reverted	exp68: remove g_pool (2H predict) — g_max provides needed detection signal
b4c99d0	0.378068	kept	exp69: gate_g bias init=-2 (sparse initial gates) — significant win
98a88dc	0.476667	reverted	exp70: zero-init gate weights — worse, random init weight is better
9322675	0.381312	reverted	exp71: gate_g bias=-3 — too sparse, smaller gradient slows gate learning
50e6540	0.417638	reverted	exp72: gate_g bias=-1.5 — too dense, bias=-2 is optimal
3781308	0.485360	reverted	exp73: predict[2].bias=-5 — worse, default init for predict is better
694a09c	0.396361	reverted	exp74: replace g_pool with gated-sum(g_out) — g_max is needed alongside count
cea85ac	0.471308	reverted	exp75: triangle-aware 2-hop gated feature (node_w * neighbour_contrib) — worse, lost 1st-order count signal
fb40e86	0.815361	reverted	exp76: attn-sharpened gate (gate * attn_recv) — much worse, p2g attn too diffuse (3/48=0.06 avg)
898b9ac	0.423011	reverted	exp77: neighbour label augmentation (cat[feat, adj@feat] before embed) — GNN already captures this via MP
2bc9c3e	0.423879	reverted	exp78: learnable g_enc/g_out blend for gated sum — no benefit over fixed g_enc
81af035	0.405073	reverted	exp79: pattern mean-pool + max-pool (4H predict) — extra params didn't help
bf652b7	0.436811	reverted	exp80: 2nd-order edge signal (gate_sc^T*A*gate_sc scalar) — 1st-order gate already sufficient
94c3e03	0.445845	reverted	exp81: raw label count vectors (p_labels, g_labels) as extra predict inputs — redundant with GNN
dc36dd6	0.420222	reverted	exp82: softplus gate (unbounded) — sigmoid bound is better for selection
ceac7ef	0.422714	reverted	exp83: bilinear gate g_out*p_pool — scale change hurt learning
0a64464	0.479611	reverted	exp84-a: gate values (g_enc+g_out)/2 — avg loses structural specificity
647ceb0	14.848811	reverted	exp84-b: L1 MAE training loss — not aligned with MSE eval metric
2dbf8b4	0.380630	reverted	exp87: structural tri-count (A²⊙A/2) as readout boost (1+tri_cnt) — close but slightly worse
c09d356	0.422952	reverted	exp88: normalized tri-count boost [0,1] — normalization removes count info, worse
dc0ddea	0.445551	reverted	exp85: gate_sc * neighbor_gate_sum readout — 2nd-order but lost 1st-order signal
bbaaa06	0.405536	reverted	exp86: seed=7 — architecture near-optimal, different seed no help
10c9e3b	0.349749	kept	exp89: structural tri-count embedded additively into g_enc (+128 params) — new best!
de2d47c	0.288041	kept	exp90: log1p-transform triangle count before embedding — new best!
d9d5243	2.145182	reverted	exp91: pattern-conditioned gate (random init) — init overwhelmed sparse gate bias
50390c7	2.144387	reverted	exp92: pattern-conditioned gate (zero-init) — zero-init doesn't help, still diverges
3cc02df	2.135663	reverted	exp93: log-degree embedding — too much random init noise in g_enc disrupts training
5458dc5	2.230450	reverted	exp94: EMA weights (0.999) — LayerNorm param averaging breaks function composition
23b7479	0.300375	reverted	exp95: SGDR cycle2 restart at 0.25x LR — lower restart not better
6a21aa9	0.241894	kept	exp96: single cosine 1.0→0.01 over 3800 steps (no SGDR restart) — new best!
5039f03	0.286321	reverted	exp97: single cosine min_LR=0.005 — too much decay, model under-learns late
cf9aa97	0.270201	reverted	exp98: single cosine over 4000 steps — longer cycle is worse than 3800
07049ed	2.137943	reverted	exp99: LR=1.5e-3 with single cosine — too high, diverges
c74491e	0.361475	reverted	exp100: LR=1.2e-3 single cosine — too high for single cosine, 1e-3 is optimal
a331006	0.305894	reverted	exp101: weight_decay=0 — slight regularization (1e-5) helps
bb3da02	0.412311	reverted	exp102: remove p2g — p2g cross-attn critical for contextual pattern representation
349eaf7	0.313014	reverted	exp103: pattern mean-pool — max-pool is better for pattern (captures extreme features)
14219cf	0.250879	reverted	exp104: WARMUP=25 — marginal, WARMUP=50 better
0df7c27	0.259125	reverted	exp105: WARMUP=100 — 50 steps is optimal
d013d7e	2.134072	reverted	exp106: gate_g bias=-1.5 — single cosine's higher mid-LR amplifies instability with denser gates
011672a	0.241281	kept	exp107: MAX_GRAD_NORM=5.0 — marginal improvement from tighter clipping
485222c	0.317452	reverted	exp108: MAX_GRAD_NORM=4.0 — too tight, 5.0 is optimal
d298ceb	0.298002	reverted	exp109: seed=137 — seed=42 finds better basin for this architecture
312d700	0.271455	reverted	exp110: BATCH=192 — more updates but noisier gradients, 256 is better
8fce162	0.297008	reverted	exp111: BATCH=320 — fewer updates more costly than gradient quality gain
b6b0202	0.295946	reverted	exp112: zero-init deg_embed — fewer steps (slower forward), worse
bb97dea	1.268262	reverted	exp113: precomputed tri_c (bmm savings < AugDataset overhead)
858f799	0.250307	reverted	exp114: reseed fix for exp113 — still slower than original (2717 vs 2866 steps)
244ef5e	0.333471	reverted	exp115: MAX_LABELS=32 fixed embed (demo-only) — larger embed hurts demo convergence
5a3a6a0	1258.4483	kept	baseline-v2: multi-dataset (demo+intestinal, INT_EVERY=4) — 2000x better than TrimNN (2.5M); demo_mse=2.14
bb42d26	4738.5056	reverted	exp116: INT_EVERY=2 + log-space intestinal loss — log-space hurts raw MSE eval (loses absolute scale), demo recovered to 0.30
8669cd8	1282.3437	reverted	exp117: INT_TARGET_SCALE=10 — scale fix didn't help (demo still 2.14, int barely changed)
edce2e4	1276.5829	reverted	exp118: pure intestinal — no improvement over mixed (1276 vs 1258), demo fails (14.85); demo training transfers well to intestinal
ea2304a	7137.7216	reverted	exp119: count-weighted sampling — overfits high-count patterns, zero-count predictions blow up (52% of patterns are zero)
7ca0c8a	1262.6513	kept	exp120: sqrt-transform intestinal targets — same int_mse (1262≈1258), demo recovered 2.14→0.33; targets 0-0.94 fix gradient conflict
2b1d30fd0437a0f6d2b4dc911244c9146fad3414	1239.0539	kept	exp121: INT_EVERY=2 with sqrt targets — new best int_mse (1239), demo=0.46; more intestinal signal helps
91e52665f7c12161934515d749df2f8e06793be2	1261.8225	reverted	exp122: INT_EVERY=1 (50%) — too many intestinal steps, fewer total steps, worse (1262 vs 1239)
train_trimnn-exp1	510831	trimnn-model	TrimNN model exp1: BCE loss, INT_EVERY=4, INT_WEIGHT=0.3 — 3x better than predict-zero (1.6M), demo_bin_mse=0.008
train_trimnn-exp2	184429	trimnn-model	TrimNN model exp2: MSE loss, INT_EVERY=1, INT_WEIGHT=2.0 — 9x better than predict-zero, demo_bin_mse=0.005
train_trimnn-exp3	65189	trimnn-model	TrimNN model exp3: MSE, INT_WEIGHT=5.0, INT_BATCH=128 — 25x better than predict-zero, demo_bin_mse=0.009
train_trimnn-exp4	44867	trimnn-model	TrimNN model exp4: MSE, INT_WEIGHT=10.0, EVAL_NODES=300 — diminishing returns; 37x better than predict-zero
train_trimnn-exp5	41337	trimnn-model	TrimNN model exp5 BEST: MSE, INT_WEIGHT=20.0, EVAL_PATTERNS=200/NODES=300 — trimnn_mse=41337 (RMSE≈203 vs TrimNN mean=702)
train_trimnn-exp6	2415765	trimnn-model	TrimNN model exp6 FAILED: pure intestinal, no demo — collapsed; demo regularization essential; vf2_mse=1912 (interesting)
train_trimnn-exp7	59076	trimnn-model	TrimNN exp7 REVERTED: 50% high-count (>100) sampling, BS=64, ILW=20 — RMSE=244 (marginal), Zero MAE=37 (3x worse), MCC=0.33 (worse); high variance (41k–59k), unstable
train_trimnn-exp8	26703	trimnn-model	TrimNN exp8 KEPT: soft-BCE intestinal loss, uniform, BS=128, ILW=7 — huge win: RMSE=174(-31%), MCC=0.682(+81%), Zero MAE=3.6(-74%), Spearman=0.983; VF2 Spear=0.468(TrimNN=0.456)
train_trimnn-exp9	19019	trimnn-model	TrimNN exp9 KEPT: soft-BCE, ILW=10 — RMSE=143(-43%!), MCC=0.729, Zero MAE=3.8, High MAE=120, Top-20=100%; Spear VF2=0.468
train_trimnn-exp10	14011	trimnn-model	TrimNN exp10 KEPT: soft-BCE, ILW=15 — RMSE=119(-53%!), High MAE=99, Top-5=100%; MCC=0.657(regressed), Spear VF2=0.477
train_trimnn-exp11	10629	trimnn-model	TrimNN exp11 KEPT: soft-BCE, ILW=20 — RMSE=103(-59%!), MCC=0.739(best!), High MAE=85, Top-50=98%; Spear VF2=0.469
train_trimnn-exp12	12644	trimnn-model	TrimNN exp12 REVERTED: soft-BCE, ILW=30 — overfits (demo_bin_mse=0.014), RMSE=129 worse than ILW=20; ILW=20 is optimal
train_trimnn-exp13	16173	trimnn-model	TrimNN exp13 REVERTED: soft-BCE, ILW=20, INT_BATCH=256 — fewer steps (1045 vs 1365), RMSE=119 worse than BS=128; more updates beats larger batches
train_trimnn-exp14	15010	trimnn-model	TrimNN exp14 REVERTED: soft-BCE, ILW=20, INT_BATCH=64 — noisier (RMSE=122), confirmed BS=128 is optimal
train_trimnn-exp15	6958	trimnn-model	TrimNN exp15 KEPT: BCE ILW=20 BS=128 cosine=1400 — RMSE=88(-65%!), High MAE=77, Top-5/10/20=100%; MCC=0.682(regressed), Zero MAE=4.5
train_trimnn-exp16	7999	trimnn-model	TrimNN exp16 REVERTED: cosine=1600 — RMSE=90 (worse), MCC=0.693 (slightly better than 1400); 1400-step cosine marginally better
train_trimnn-exp17	8609	trimnn-model	TrimNN exp17 REVERTED: cosine=1400, min_LR=0.05 — RMSE=94(worse), MCC=0.693(slightly better); can't get best of both with simple LR
train_trimnn-exp18	10370	trimnn-model	TrimNN exp18 REVERTED: cosine→1200 then const@0.05x — RMSE=107(worst!), MCC=0.662; fine-tuning phase doesn't help
train_trimnn-BEST	11039	trimnn-model	TrimNN BEST (seeded): soft-BCE ILW=20 BS=128 cosine=3800 seed=42 — RMSE=104(-59%), MCC=0.713(+89%!), Zero MAE=3.2(-77%), Spearman=0.989, VF2 Spear=0.468>TrimNN(0.456); reproducible
train_trimnn-exp19	13000	trimnn-model	TrimNN exp19 REVERTED: multi-size training (size-3 + 75 size-4 patterns) — RMSE=130(worse), MCC=0.713(same), High MAE=110(worse); size-4 counts 3-5x higher bias model upward; reverted to size-3 only
trimnn-app-v1	n/a	trimnn-app	trimnn_app.py CREATED: all 3 TrimNN functions (subgraph_matching, specific_size, all_size) + CSV/GML input; format matches TrimNN output exactly; validated on demo data
train_trimnn-exp21	n/a	trimnn-model	TrimNN exp21 NEW BEST: VF2 direct supervision (target=vf2_cnt/n_nodes, soft-BCE) — VF2 Spear=0.723(+59%!>TrimNN 0.456), VF2 RMSE=26.0(61x better), MAE=5.8, size-4 Spear=0.717(zero-shot); trimnn-mse degraded (predicts VF2 scale not TrimNN)
train_trimnn-exp23	n/a	trimnn-model	TrimNN exp23: multi-sample VF2 (16 samples, label-harmonized, raw density targets) — B004 VF2 Spear=0.7088(+55%>TrimNN 0.4561), cross-sample B005 Spear=0.6477(vs exp21=0.1295), size-4 Spear=0.6294; trimnn Spear=0.3289 (degraded vs exp21)
train_trimnn-exp24	n/a	trimnn-model	TrimNN exp24 NEW BEST: rank-norm targets (16 samples, harmonized, 300s) — B004 VF2 Spear=0.7652(+67.7%>TrimNN!), cross-sample B005=0.7433(excellent!), size-4 Spear=0.6141; scale mismatch (our_mean=4985 vs vf2_mean=815) expected since targets are ranks not counts
train_trimnn-exp24-multisample	n/a	trimnn-model	TrimNN exp24 multi-sample eval (10 tissues, 600 sampled patterns each, 150 nodes): avg Spear=0.7212; B005_asc=0.698, B005_sig=0.690, B005_duo=0.690, B005_ileum=0.699, B006_sig=0.744, B006_desc=0.744, B008_asc=0.700, B008_trans=0.722, B010_asc=0.770, B011_asc=0.754
train_trimnn-exp26	n/a	trimnn-model	TrimNN exp26: 144 samples (all NPS/PS/standard), rank-norm, 3000s — B004 VF2 Spear=0.7892(+73%>TrimNN), B005 full cross-sample=0.7943, size-4 Spear=0.6308, size-4 MCC=0.6594; marginal vs exp24 due to cosine schedule mismatch (38k steps set, ~4.5k ran)
train_trimnn-exp27	n/a	trimnn-model	TrimNN exp27 NEW BEST: 124 samples (B005 held-out), rank-norm, RAM-efficient (KHOP=1000), 5000-step cosine — B004 VF2 Spear=0.7960(+74.6%>TrimNN!), size-4 Spear=0.6414, size-4 MCC=0.6594, multi-sample avg=0.7434(10 tissues, all >0.69)
train_trimnn-exp28	n/a	trimnn-model	TrimNN exp28: demo data mix (SIZE4_FRAC=0.3, label collision bug) — full benchmark: s3 VF2 Spear=0.7937(vs exp27=0.7960), s4 VF2 Spear=0.6626(vs exp27=0.6414!), s4 MCC=0.6235; size-4 improved despite label collision
train_trimnn-exp29	n/a	trimnn-model	TrimNN exp29 NEW BEST s3+MCC: demo label fix (offset+25, MAX_LABELS=40), SIZE4_FRAC=0.1, 5000-step cosine — s3 VF2 Spear=0.8006(NEW BEST, +75.5%>TrimNN 0.4561!), s4 VF2 Spear=0.6590(vs exp28=0.6626), s4 MCC=0.6474(NEW BEST, vs exp28=0.6235); calib RMSE=68.4 vs TrimNN 1591.7
train_trimnn-exp30	n/a	trimnn-model	TrimNN exp30: SIZE4_FRAC=0.2 + size_embed(nn.Embedding(2,H)) + cosine=3500 — s3 VF2 Spear=0.7944(vs exp29=0.8006), s4 VF2 Spear=0.6832(NEW BEST!+3.7pp>exp29=0.6590), s4 MCC=0.6594(ties exp27 best); multi-sample avg=0.7395; size_embed key driver for s4 gain
train_trimnn-exp30-multisample	n/a	trimnn-model	TrimNN exp30 multi-sample (10 tissues): avg=0.7395; B005_asc=0.7064, B005_sig=0.6995, B005_duo=0.7049, B005_ileum=0.7569, B006_sig=0.7551, B006_desc=0.7601, B008_asc=0.7180, B008_trans=0.7515, B010_asc=0.7683, B011_asc=0.7747
train_trimnn-exp31	n/a	trimnn-model	TrimNN exp31: SIZE4_FRAC=0.3 + size_embed, cosine=3500 — s3 VF2 Spear=0.7947(≈exp30=0.7944), s4 VF2 Spear=0.6861(NEW BEST!+0.29pp>exp30=0.6832), s4 MCC=0.6235(regression vs exp30=0.6594); multi-avg=0.7410; SIZE4_FRAC=0.2 better for MCC, 0.3 marginally better for s4 Spearman
train_trimnn-exp31-multisample	n/a	trimnn-model	TrimNN exp31 multi-sample (10 tissues): avg=0.7410; B005_asc=0.7047, B005_sig=0.6991, B005_duo=0.7069, B005_ileum=0.7602, B006_sig=0.7537, B006_desc=0.7623, B008_asc=0.7196, B008_trans=0.7516, B010_asc=0.7716, B011_asc=0.7800
train_trimnn-exp32	n/a	trimnn-model	TrimNN exp32: 4500s budget, SIZE4_FRAC=0.2, cosine=5000, 9972 steps — s3 VF2 Spear=0.7973, s4 VF2 Spear=0.6899(NEW BEST!+0.38pp>exp31=0.6861), s4 MCC=0.6235, multi-avg=0.7439(NEW BEST!); val_bin_mse=0.008272(lowest ever); longer training helps s4 Spearman
train_trimnn-exp32-multisample	n/a	trimnn-model	TrimNN exp32 multi-sample (10 tissues): avg=0.7439(NEW BEST); B005_asc=0.7139, B005_sig=0.7050, B005_duo=0.7079, B005_ileum=0.7584, B006_sig=0.7582, B006_desc=0.7635, B008_asc=0.7271, B008_trans=0.7579, B010_asc=0.7716, B011_asc=0.7752
train_trimnn-exp33	n/a	trimnn-model	TrimNN exp33: H=192(676K params vs 128's 303K), 4500s, cosine=5000(suboptimal-sed bug), 7108 steps — quick s3=0.6774(vs exp32=0.6781); val_bin_mse=0.009508(worse than exp32=0.008272); H=192 slower per step→fewer steps→no gain over H=128
train_trimnn-exp33	n/a	trimnn-model	TrimNN exp33 FULL: H=192(676K params), 4500s, 7108 steps — s3 VF2 Spear=0.7960(vs exp32=0.7973), s4 VF2 Spear=0.6847(vs exp32=0.6899), s4 MCC=0.6474(ties exp29 best!), multi-avg=0.7431; H=192 loses on Spearman vs H=128(fewer steps), wins on MCC
train_trimnn-exp33-multisample	n/a	trimnn-model	TrimNN exp33 multi-sample (10 tissues): avg=0.7431; B005_asc=0.7116, B005_sig=0.7047, B005_duo=0.7033, B005_ileum=0.7586, B006_sig=0.7610, B006_desc=0.7641, B008_asc=0.7258, B008_trans=0.7566, B010_asc=0.7711, B011_asc=0.7744
train_trimnn-exp34	n/a	trimnn-model	TrimNN exp34: H=128 L=4(336K params), 4500s, 8244 steps — quick s3=0.6818, val_bin_mse=0.007568(NEW LOWEST!), val_bce=0.026347(NEW LOWEST!); L=4 better demo fitting vs L=3 despite fewer steps; full benchmark running→/tmp/benchmark_exp34.log
train_trimnn-exp34	n/a	trimnn-model	TrimNN exp34 FULL: H=128 L=4(336K), 4500s, 8244 steps — s3 VF2 Spear=0.7989(+0.16pp>exp32=0.7973), s4 VF2 Spear=0.6794(vs exp32=0.6899 -1.05pp), MCC=0.6235, multi-avg=0.7431; L=4 tradeoff: helps s3 triangles, hurts s4 kites
train_trimnn-exp34-multisample	n/a	trimnn-model	TrimNN exp34 multi-sample (10 tissues): avg=0.7431; B005_asc=0.7098, B005_sig=0.7064, B005_duo=0.7020, B005_ileum=0.7567, B006_sig=0.7588, B006_desc=0.7658, B008_asc=0.7293, B008_trans=0.7560, B010_asc=0.7726, B011_asc=0.7740
train_trimnn-exp35	n/a	trimnn-model	TrimNN exp35: L=3, SIZE4_FRAC=0.1, 4500s, 9725 steps — quick s3=0.6772(vs exp29=0.6861 no-size_embed); val_bin_mse=0.008021; predicted full s3≈0.796 (ratio 1.175× quick); size_embed seems to slightly hurt s3 vs exp29; full benchmark running→/tmp/benchmark_exp35.log
train_trimnn-exp35	n/a	trimnn-model	TrimNN exp35 FULL: L=3, SIZE4_FRAC=0.1, 4500s, size_embed — s3=0.7940(WORSE than exp29=0.8006!), s4=0.6796, MCC=0.6235, multi-avg=0.7437; CONFIRMED: size_embed costs ~0.006pp s3 Spearman; exp37(no-embed) expected to beat exp29
train_trimnn-exp35-multisample	n/a	trimnn-model	TrimNN exp35 multi-sample: avg=0.7437; B005_asc=0.7128, B005_sig=0.7023, B005_duo=0.7062, B005_ileum=0.7598, B006_sig=0.7601, B006_desc=0.7695, B008_asc=0.7289, B008_trans=0.7548, B010_asc=0.7720, B011_asc=0.7707
train_trimnn-exp36	n/a	trimnn-model	TrimNN exp36: H=128 L=4 size_embed, SIZE4_FRAC=0.1, 4500s, 9194 steps — s3=0.7964, s4=0.6686, s4_MCC=0.6355, s3_MCC=0.2279(COLLAPSED!), calib_RMSE=68.5; KEY FINDING: L=4+S4F=0.1 collapses s3 binary MCC (but not s4); S4F=0.2 needed for L=4 binary health
train_trimnn-exp36-multisample	n/a	trimnn-model	TrimNN exp36 multi-sample (10 tissues): avg=0.7442(NEW BEST by 0.0003pp); B005_asc=0.7054, B005_sig=0.7051, B005_duo=0.7092, B005_ileum=0.7572, B006_sig=0.7602, B006_desc=0.7677, B008_asc=0.7328, B008_trans=0.7568, B010_asc=0.7716, B011_asc=0.7756
train_trimnn-exp37	n/a	trimnn-model	TrimNN exp37: no-size_embed, L=3, SIZE4_FRAC=0.1, 4500s, 9583 steps — quick_s3=0.6766(pred_full=0.795), val_bin_mse=0.006936(LOWEST EVER); WORSE than exp29(0.8006)! ROOT CAUSE: cosine ends at step 4950 but ran 9583 steps → 4600 steps at near-zero LR; exp29 stopped at step 2727 (LR still at 44% max) — LR schedule mismatch is the key bug
train_trimnn-exp37-full	n/a	trimnn-model	TrimNN exp37 FULL BENCHMARK: no-size_embed, L=3, SIZE4_FRAC=0.1, 4500s, 9583 steps — s3=0.7956(WORSE than exp29=0.8006), s4=0.6542, s4_MCC=0.6235, s3_MCC=0.2279(COLLAPSED T≈56.4), calib_RMSE=67.6; cosine mismatch: LR near-zero for 4600/9583 steps; exp39(cosine=9550) expected to recover s3≥0.8006
train_trimnn-exp37-multisample	n/a	trimnn-model	TrimNN exp37 multi-sample (10 tissues): avg=0.7443(matches exp36 best); B005_asc=0.7126, B005_sig=0.7047, B005_duo=0.7105, B005_ileum=0.7600, B006_sig=0.7656, B006_desc=0.7659, B008_asc=0.7296, B008_trans=0.7543, B010_asc=0.7681, B011_asc=0.7716; s3 MCC=0.2279 COLLAPSED despite good multi-sample
train_trimnn-exp38	n/a	trimnn-model	TrimNN exp38: no-size_embed, L=4, SIZE4_FRAC=0.1, 4500s, 9127 steps — quick_s3=0.6806(pred_full=0.7990, BELOW exp29=0.8006), val_bin_mse=0.006418; L=4 vs exp37(L=3 quick=0.6766): +0.4pp quick; cosine still broken (ends step 5000, ran 9127); exp39(cosine=9550 FIXED) is now running
train_trimnn-exp38-full	n/a	trimnn-model	TrimNN exp38 FULL BENCHMARK: no-size_embed, L=4, SIZE4_FRAC=0.1, 4500s, 9127 steps — s3=0.7954(pred=0.7990, BELOW exp29=0.8006), s4=0.6576, s4_MCC=0.6474, s3_MCC=0.2228(COLLAPSED again), calib_RMSE=69.3; L=4+no-embed+cosine-broken: same MCC collapse as exp37; cosine fix in exp39 should restore MCC+s3
train_trimnn-exp38-multisample	n/a	trimnn-model	TrimNN exp38 multi-sample (10 tissues): avg=0.7436(below exp36/37=0.7442-0.7443); B005_asc=0.7036, B005_sig=0.7061, B005_duo=0.7089, B005_ileum=0.7587, B006_sig=0.7577, B006_desc=0.7668, B008_asc=0.7357, B008_trans=0.7580, B010_asc=0.7713, B011_asc=0.7693; L=4+no-embed no better than L=3+no-embed on multi-sample
train_trimnn-exp39	n/a	trimnn-model	TrimNN exp39: no-size_embed, L=3, SIZE4_FRAC=0.1, 4500s, 9981 steps, cosine=9550 FIXED — quick_s3=0.6872(ABOVE exp29=0.6861!), pred_full=0.8068(NEW BEST predicted!), val_bin_mse=0.005546(NEW LOWEST EVER); COSINE FIX CONFIRMED: 9981 steps at proper LR vs exp37's 4583 idle steps; benchmark+multisample running
train_trimnn-exp39-full	n/a	trimnn-model	TrimNN exp39 FULL BENCHMARK: no-size_embed, L=3, cosine=9550 FIXED, SIZE4_FRAC=0.1, 4500s, 9981 steps — s3=0.8052(NEW BEST! beats exp29=0.8006 by +0.46pp!), s4=0.6637(best no-embed), s4_MCC=0.6474, s3_MCC=0.2279(collapsed), calib_RMSE=67.8; COSINE FIX CONFIRMED: fixed cosine=9550 recovered and exceeded exp29
train_trimnn-exp39-multisample	n/a	trimnn-model	TrimNN exp39 multi-sample (10 tissues): avg=0.7467(NEW BEST! +0.25pp over exp36=0.7442); B005_asc=0.7146, B005_sig=0.6984, B005_duo=0.7098, B005_ileum=0.7591, B006_sig=0.7711, B006_desc=0.7719, B008_asc=0.7374, B008_trans=0.7562, B010_asc=0.7750, B011_asc=0.7739
train_trimnn-exp40	n/a	trimnn-model	TrimNN exp40: no-size_embed, L=4, cosine=8200 FIXED, SIZE4_FRAC=0.1, 4500s, 9266 steps — quick_s3=0.6829(pred_full=0.8017; BELOW exp39=0.8052!), val_bin_mse=0.004834(NEW LOWEST EVER); L=4 WORSE than L=3 with fixed cosine: exp40<exp39 confirms L=3 optimal for 4500s; exp41=L=3+cosine=9550+S4F=0.2
train_trimnn-exp40-full	n/a	trimnn-model	TrimNN exp40 FULL: no-size_embed, L=4, cosine=8200 FIXED, S4F=0.1, 4500s, 9266 steps — s3=0.7972(BELOW exp39=0.8052; L=4+fixed-cosine worse than L=3+fixed-cosine), s4=0.6636, s4_MCC=0.6355, s3_MCC=0.2383(collapsed), calib_RMSE=69.1; VERDICT: L=3 definitively better than L=4 for 4500s budget
train_trimnn-exp40-multisample	n/a	trimnn-model	TrimNN exp40 multi-sample: avg=0.7453(below exp39=0.7467); B005_asc=0.7077, B005_sig=0.7039, B005_duo=0.7118, B005_ileum=0.7599, B006_sig=0.7586, B006_desc=0.7681, B008_asc=0.7415, B008_trans=0.7573, B010_asc=0.7734, B011_asc=0.7709
train_trimnn-exp41	n/a	trimnn-model	TrimNN exp41: no-size_embed, L=3, cosine=9550 FIXED, SIZE4_FRAC=0.2, 4500s, 10153 steps — quick_s3=0.6842(pred_full=0.8033; cost -0.003pp vs exp39=0.8052 for S4F 0.1→0.2), val_bin_mse=0.005523; benchmark running — key question: does S4F=0.2 fix MCC collapse?
train_trimnn-exp41-full	n/a	trimnn-model	TrimNN exp41 FULL: no-size_embed, L=3, cosine=9550 FIXED, S4F=0.2, 4500s, 10153 steps — s3=0.8062(NEW BEST! +0.0010pp vs exp39=0.8052!), s4=0.6730(+0.93pp vs exp39=0.6637), s4_MCC=0.6474, s3_MCC=0.2434(still collapsed, slightly better), calib_RMSE=67.0(new best); S4F=0.2 HELPS s3 AND s4 — unexpected positive result
train_trimnn-exp41-multisample	n/a	trimnn-model	TrimNN exp41 multi-sample: avg=0.7460(below exp39=0.7467 by 0.0007); B005_asc=0.7210, B005_sig=0.7069, B005_duo=0.7078, B005_ileum=0.7589, B006_sig=0.7685, B006_desc=0.7692, B008_asc=0.7248, B008_trans=0.7557, B010_asc=0.7725, B011_asc=0.7752
train_trimnn-exp42	n/a	trimnn-model	TrimNN exp42: size_embed ENABLED, L=3, cosine=9550 FIXED, S4F=0.1, 4500s, 10367 steps — quick_s3=0.6877(BEST QUICK EVER! beats no-embed=0.6872), pred_full=0.8074(NEW BEST predicted), val_bin_mse=0.004814(NEW LOWEST EVER); SURPRISE: embed+cosine_fix BEATS no-embed; expected MCC healthy; benchmark running
train_trimnn-exp42-full	n/a	trimnn-model	TrimNN exp42 FULL: size_embed ENABLED, L=3, cosine=9550 FIXED, S4F=0.1, 4500s, 10367 steps — s3=0.8004(BELOW exp41=0.8062; embed+cosine_fix loses s3 vs no-embed), s4=0.6919(NEW BEST!), s4_MCC=0.6594(ties exp30 best!), s3_MCC=0.2331(STILL COLLAPSED — MCC collapse is cosine-fix effect, not embed-related!), calib_RMSE=68.5; multi=0.7475(NEW BEST!)
train_trimnn-exp42-multisample	n/a	trimnn-model	TrimNN exp42 multi-sample: avg=0.7475(NEW BEST! +0.0008 vs exp39=0.7467); B005_asc=0.7105, B005_sig=0.7034, B005_duo=0.7138, B005_ileum=0.7587, B006_sig=0.7651, B006_desc=0.7724, B008_asc=0.7416, B008_trans=0.7580, B010_asc=0.7755, B011_asc=0.7756
train_trimnn-exp43	n/a	trimnn-model	TrimNN exp43: size_embed ENABLED, L=3, cosine=9550 FIXED, S4F=0.2, 4500s, 10436 steps — quick_s3=0.6883(best quick! embed-ratio pred=0.8005), val_bin_mse=0.006184; benchmark running — expected: s4>0.6919(embed+S4F=0.2 combo), s3~0.8005 if embed ratio holds
train_trimnn-exp43-full	n/a	trimnn-model	TrimNN exp43 FULL: size_embed ENABLED, L=3, cosine=9550 FIXED, S4F=0.2, 4500s, 10436 steps — s3=0.8022(below exp41=0.8062; embed costs s3), s4=0.7018(NEW BEST! FIRST TIME >0.70! +0.0099 vs exp42=0.6919), s4_MCC=0.6235, s3_MCC=0.2228(collapsed), calib_RMSE=68.5; embed+S4F=0.2 is best s4 config
train_trimnn-exp43-multisample	n/a	trimnn-model	TrimNN exp43 multi-sample: avg=0.7466(below exp42=0.7475); B005_asc=0.7158, B005_sig=0.7041, B005_duo=0.7083, B005_ileum=0.7591, B006_sig=0.7652, B006_desc=0.7670, B008_asc=0.7371, B008_trans=0.7578, B010_asc=0.7751, B011_asc=0.7766
train_trimnn-exp44	n/a	trimnn-model	TrimNN exp44: no-size_embed, L=3, cosine=9550 FIXED, S4F=0.3, 4500s, 10375 steps — quick_s3=0.6852(pred_full=0.8044; S4F 0.2→0.3 trend continuing), val_bin_mse=0.005470; benchmark running — expected s4>0.6730(no-embed S4F=0.2)
train_trimnn-exp44-full	n/a	trimnn-model	TrimNN exp44 FULL: no-size_embed, L=3, cosine=9550 FIXED, S4F=0.3, 4500s — s3=0.8065(+0.0003 vs exp41=0.8062; S4F=0.3 tiny s3 gain), s4=0.6806(+0.0076 vs exp41=0.6730; S4F trend continues!), s4_MCC=0.6594, s3_MCC=0.2383(collapsed), calib_RMSE=67.3; multi=0.7453(below exp42=0.7475); VERDICT: no-embed S4F=0.3 best s4 for no-embed, embed+S4F=0.2 (exp43) still leads s4 overall
train_trimnn-exp45	n/a	trimnn-model	TrimNN exp45: size_embed ENABLED, L=3, cosine=9550 FIXED, S4F=0.3, 4500s, 10181 steps — quick_s3=0.6893(pred_full=0.8017 @embed_ratio=1.163; +0.001pp vs exp43=0.6883), val_bin_mse=0.005867; benchmarks running — expected s4>0.7018(embed S4F trend 0.2→0.3)
train_trimnn-exp45-full	n/a	trimnn-model	TrimNN exp45 FULL: size_embed ENABLED, L=3, cosine=9550 FIXED, S4F=0.3, 4500s — s3=0.8021(below exp41=0.8062; embed costs s3), s4=0.6996(REGRESSION vs exp43=0.7018; S4F=0.3 HURTS embed!), s4_MCC=0.6594, s3_MCC=0.2279(collapsed), calib_RMSE=68.5; multi=0.7457(below exp42=0.7475); VERDICT: embed S4F SWEET SPOT IS 0.2 — S4F=0.3 regresses s4 by -0.0022pp; exp43(embed+S4F=0.2) remains best s4 overall
train_trimnn-exp45-multisample	n/a	trimnn-model	TrimNN exp45 multi-sample: avg=0.7457(below exp42=0.7475 best multi); B005_asc=0.7104, B005_sig=0.7039, B005_duo=0.7054, B005_ileum=0.7613, B006_sig=0.7645, B006_desc=0.7704, B008_asc=0.7304, B008_trans=0.7575, B010_asc=?, B011_asc=0.7794
train_trimnn-exp46	n/a	trimnn-model	TrimNN exp46: size_embed ENABLED, L=3, cosine=9550 FIXED, S4F=0.4, 4500s, 10108 steps — quick_s3=0.6843(pred_full=0.7958 @embed_ratio=1.163; CLEAR REGRESSION vs exp45=0.6893), val_bin_mse=0.005865; benchmarks running — embed S4F=0.4 confirms sweet spot at 0.2; exp47=embed+S4F=0.2+6000s to push further
train_trimnn-exp46-full	n/a	trimnn-model	TrimNN exp46 FULL: size_embed ENABLED, L=3, cosine=9550 FIXED, S4F=0.4, 4500s — s3=0.8011(below exp41=0.8062; embed S4F=0.4 costs s3), s4=0.7053(NEW BEST! +0.0035 vs exp43=0.7018! S4F=0.4 NON-MONOTONIC SURPRISE: 0.1→0.2→0.3→0.4 = 0.6919→0.7018→0.6996→0.7053), s4_MCC=0.6474, s3_MCC=0.2228(collapsed), calib_RMSE=68.4; multi=0.7457(below exp42=0.7475); REVISED VERDICT: embed S4F sweet spot NOT simply 0.2 — 0.4 gives best s4 ever 0.7053
train_trimnn-exp46-multisample	n/a	trimnn-model	TrimNN exp46 multi-sample: avg=0.7457(below exp42=0.7475 best multi); B005_asc=?, B005_sig=0.7036, B005_duo=0.7099, B005_ileum=0.7584, B006_sig=0.7650, B006_desc=0.7668, B008_asc=0.7309, B008_trans=0.7564, B010_asc=?, B011_asc=0.7803
train_trimnn-exp47	n/a	trimnn-model	TrimNN exp47: size_embed ENABLED, L=3, cosine=13075 FIXED, S4F=0.2, 6000s, 13334 steps — quick_s3=0.6951(BEST EMBED QUICK EVER! +0.0068 vs exp43=0.6883), pred_full=0.8083(embed_ratio=1.163; +0.0061 vs exp43 pred=0.8022; NEW BEST predicted), val_bin_mse=0.005808(new best embed); LONGER BUDGET HELPS: 4500s→6000s gave quick_s3 +0.0068pp; benchmarks running
train_trimnn-exp47-full	n/a	trimnn-model	TrimNN exp47 FULL: size_embed ENABLED, L=3, cosine=13075 FIXED, S4F=0.2, 6000s, 13334 steps — s3=0.8041(below exp44=0.8065; embed+6000s still loses s3 to no-embed), s4=0.6977(REGRESSION vs exp43=0.7018 and exp46=0.7053! longer budget HURTS s4 for S4F=0.2), s4_MCC=0.6594, s3_MCC=0.2176(collapsed), calib_RMSE=68.5; multi=0.7474(ties exp42=0.7475); FINDING: longer budget with S4F=0.2 degrades s4 — possible overfitting on size-3; exp48=S4F=0.4+6000s may differ
train_trimnn-exp47-multisample	n/a	trimnn-model	TrimNN exp47 multi-sample: avg=0.7474(ties exp42=0.7475 best multi); B005_asc=0.7084, B005_sig=0.7035, B005_duo=0.7077, B005_ileum=0.7620, B006_sig=0.7685, B006_desc=0.7711, B008_asc=0.7399, B008_trans=0.7595, B010_asc=0.7748, B011_asc=0.7787
train_trimnn-exp48	n/a	trimnn-model	TrimNN exp48: size_embed ENABLED, L=3, cosine=13075 FIXED, S4F=0.4, 6000s, 13670 steps — quick_s3=0.6864(pred_full=0.7983 @embed_ratio=1.163; +0.0021 vs exp46=0.6843 but below 0.6900 threshold), val_bin_mse=0.004836(NEW BEST! lowest ever — excellent binary discrimination), benchmarks running — quick below threshold → exp49 pivots to no-embed+S4F=0.3+6000s
train_trimnn-exp48-full	n/a	trimnn-model	TrimNN exp48 FULL: size_embed ENABLED, L=3, cosine=13075 FIXED, S4F=0.4, 6000s, 13670 steps — s3=0.8012(below exp44=0.8065; embed again loses s3), s4=0.6990(REGRESSION vs exp46=0.7053! longer budget 6000s HURTS s4 even at S4F=0.4 — confirmed: longer budget consistently degrades s4 for embed), s4_MCC=0.6474, s3_MCC=0.2279(collapsed), calib_RMSE=68.4; multi=0.7472; VERDICT: embed+6000s is definitively bad for s4 regardless of S4F — best embed s4 remains exp46=0.7053 at 4500s; no-embed path (exp49) is correct pivot
train_trimnn-exp48-multisample	n/a	trimnn-model	TrimNN exp48 multi-sample: avg=0.7472; B008_trans=0.7588, B010_asc=0.7777, B011_asc=0.7796
train_trimnn-exp49	n/a	trimnn-model	TrimNN exp49: no-size_embed DISABLED, L=3, cosine=13075 FIXED, S4F=0.3, 6000s, 13731 steps — quick_s3=0.6926(pred_full=0.8132 @no-embed_ratio=1.174; +0.0074 vs exp44=0.6852! NEW BEST no-embed quick! 6000s HELPS no-embed unlike embed), val_bin_mse=0.005450; benchmarks running — DECISION: 7500s since 6000s clearly helps no-embed (+0.0074); exp50=no-embed+S4F=0.3+7500s+cosine=16600
train_trimnn-exp49-full	n/a	trimnn-model	TrimNN exp49 FULL: no-size_embed DISABLED, L=3, cosine=13075 FIXED, S4F=0.3, 6000s, 13731 steps — s3=0.8050(REGRESSION vs exp44=0.8065! quick 0.6926 over-predicted 0.8132; 6000s hurts no-embed s3 too; budget plateau at 4500s), s4=0.6819(tiny +0.0013 vs exp44=0.6806; embed s4 still leads at 0.7053), s3_MCC=0.2486, s4_MCC=0.6594, calib_RMSE=66.3(NEW BEST! -1.0 vs exp44=67.3), multi=0.7459(below exp42=0.7475); VERDICT: 4500s is optimal budget for BOTH embed and no-embed — longer budgets consistently hurt s3; exp50=7500s running to confirm ceiling
train_trimnn-exp49-multisample	n/a	trimnn-model	TrimNN exp49 multi-sample: avg=0.7459; B008_asc=0.7352, B008_trans=0.7565, B010_asc=0.7709, B011_asc=0.7782
train_trimnn-exp50	n/a	trimnn-model	TrimNN exp50: no-size_embed DISABLED, L=3, cosine=16600 FIXED, S4F=0.3, 7500s, 16934 steps — quick_s3=0.6928(+0.0002 vs exp49=0.6926; plateau confirmed), val_bin_mse=0.004171(NEW BEST EVER! binary MSE keeps improving with budget but s3 does not), benchmarks running — CONFIRMS: budget plateau for s3 at 4500s; exp51=PIVOT to embed+S4F=0.4+4500s+cosine=9550 (anchor best s4=0.7053)
train_trimnn-exp50-full	n/a	trimnn-model	TrimNN exp50 FULL: no-size_embed DISABLED, L=3, cosine=16600 FIXED, S4F=0.3, 7500s, 16934 steps — s3=0.8055(non-monotonic: 4500s=0.8065 > 6000s=0.8050 < 7500s=0.8055; s3 is NOT monotone w/budget), s4=0.6848(+0.0042 vs exp44=0.6806; MONOTONE IMPROVEMENT w/budget for no-embed s4!), s3_MCC=0.2434, s4_MCC=0.6474, calib_RMSE=68.0; multi=0.7478(NEW BEST MULTI! +0.0003 vs exp42=0.7475! MONOTONE w/budget); REVISED FINDING: longer budget helps no-embed s4 and multi monotonically; s3 non-monotone; exp51=embed+S4F=0.4+4500s (replication of exp46 best s4=0.7053)
train_trimnn-exp50-multisample	n/a	trimnn-model	TrimNN exp50 multi-sample: avg=0.7478(NEW BEST!); B008_asc=0.7429, B008_trans=0.7603, B010_asc=0.7748, B011_asc=0.7791
train_trimnn-exp51	n/a	trimnn-model	TrimNN exp51: size_embed ENABLED, L=3, cosine=9550 FIXED, S4F=0.4, 4500s, 9980 steps — quick_s3=0.6840(+/-0.0003 vs exp46=0.6843; CONFIRMED REPRODUCIBLE! embed+S4F=0.4+4500s is stable), val_bin_mse=0.005833; benchmarks running — VERDICT: variance low, config stable; exp52=no-embed+S4F=0.3+9000s to push monotone s4/multi budget trend further
train_trimnn-exp51-full	n/a	trimnn-model	TrimNN exp51 FULL: size_embed ENABLED, L=3, cosine=9550 FIXED, S4F=0.4, 4500s, 9980 steps — s3=0.8004(vs exp46=0.8011; -0.0007 tiny variance), s4=0.7053(EXACT MATCH with exp46=0.7053! embed+S4F=0.4+4500s CONFIRMED STABLE AND REPRODUCIBLE), s3_MCC=0.2228, s4_MCC=0.6474, calib_RMSE=68.5; multi=0.7455(below exp50=0.7478); VERDICT: s4=0.7053 is solid floor for embed+S4F=0.4+4500s; exp52=no-embed+S4F=0.3+9000s to push s4/multi budget trend
train_trimnn-exp51-multisample	n/a	trimnn-model	TrimNN exp51 multi-sample: avg=0.7455; B008_asc=0.7303, B008_trans=0.7555, B010_asc=0.7709(?), B011_asc=0.7800
train_trimnn-exp52	n/a	trimnn-model	TrimNN exp52: no-size_embed, L=3, cosine=20025 FIXED, S4F=0.3, 9000s, ~20703 steps — quick_s3=0.6975(+0.0047 vs exp50=0.6928; MONOTONE IMPROVEMENT CONTINUES for no-embed s3!), val_bin_mse=0.004076(improving: 0.004171→0.004076); benchmarks running; exp53=embed+S4F=0.4+6000s to test if embed s4 monotone with budget at sweet-spot S4F=0.4
train_trimnn-exp52-full	n/a	trimnn-model	TrimNN exp52 FULL: no-size_embed, L=3, cosine=20025 FIXED, S4F=0.3, 9000s, ~20703 steps — s3=0.8089(NEW BEST! monotone: 4500s=0.8044→6000s=0.8050→7500s=0.8055→9000s=0.8089; actually s3 IS monotone for no-embed!), s4=0.6935(NEW BEST! monotone: 4500s=0.6806→6000s=0.6819→7500s=0.6848→9000s=0.6935), s3_MCC=0.2434, s4_MCC=0.6594(NEW BEST! was 0.6474), calib_RMSE=67.3; multi=0.7481(NEW BEST! was 0.7478); FINDING: no-embed s3 IS also monotone with budget (not just s4/multi); exp53=embed+S4F=0.4+6000s
train_trimnn-exp52-multisample	n/a	trimnn-model	TrimNN exp52 multi-sample: avg=0.7481(NEW BEST!); B005_asc=0.7099, B005_desc=0.7037, B005_duo=0.7097, B005_ile=0.7605, B006_descSig=0.7741, B006_desc=0.7722, B008_asc=0.7440, B008_trans=0.7544, B010_asc=0.7743, B011_asc=0.7786
train_trimnn-exp53	n/a	trimnn-model	TrimNN exp53: size_embed ENABLED, L=3, cosine=13075 FIXED, S4F=0.4, 6000s — quick_s3=0.6861(+0.0021 vs embed+4500s=0.6840; EMBED IS ALSO MONOTONE WITH BUDGET AT S4F=0.4!), val_bin_mse=0.004837; benchmarks running; exp54=embed+S4F=0.4+9000s+cosine=20025 to push embed s4 beyond 0.7053
train_trimnn-exp53-full	n/a	trimnn-model	TrimNN exp53 FULL: size_embed ENABLED, L=3, cosine=13075 FIXED, S4F=0.4, 6000s — s3=0.8014(+0.0010 vs exp51=0.8004; slight improvement), s4=0.6992(-0.0061 vs exp51=0.7053; DEGRADED! embed s4 NOT monotone even at S4F=0.4; 4500s remains embed s4 optimum), s3_MCC=0.2279, s4_MCC=0.6474, calib_RMSE=68.4; multi=0.7472(+0.0017 vs exp51=0.7455); FINDING: embed s4 peaks at 4500s regardless of S4F; exp54=embed+9000s (already running) to confirm degradation; exp55=no-embed+12000s (continue monotone trend: 4500s→6000s→7500s→9000s=0.6935)
train_trimnn-exp53-multisample	n/a	trimnn-model	TrimNN exp53 multi-sample: avg=0.7472(+0.0017 vs exp51=0.7455); B005_asc=0.7109, B005_desc=0.7020, B005_duo=0.7061, B005_ile=0.7608, B006_descSig=0.7669, B006_desc=0.7683, B008_asc=0.7405, B008_trans=0.7588, B010_asc=0.7779, B011_asc=0.7797
train_trimnn-exp54	n/a	trimnn-model	TrimNN exp54: size_embed ENABLED, L=3, cosine=20025 FIXED, S4F=0.4, 9000s — quick_s3=0.6933(higher than embed+4500s quick=0.6840, but quick_s3 is unreliable indicator for embed s4; exp53 showed quick improved yet s4 degraded), val_bin_mse=0.003992(improving); benchmarks running; exp55=no-embed+12000s+cosine=26500+S4F=0.3 (continue confirmed monotone no-embed trend)
train_trimnn-exp54-full	n/a	trimnn-model	TrimNN exp54 FULL: size_embed ENABLED, L=3, cosine=20025 FIXED, S4F=0.4, 9000s — s3=0.8083(slightly below no-embed exp52=0.8089), s4=0.7094(NEW BEST! embed non-monotone: 4500s=0.7053→6000s=0.6992(dip)→9000s=0.7094(RECOVERED+EXCEEDED); likely even better at 12000s?), s3_MCC=0.2434, s4_MCC=0.6594(tied best), calib_RMSE=68.4; multi=0.7500(NEW BEST! was 0.7481 at exp52); REVISED FINDING: embed+S4F=0.4 has U-shape or monotone trend at 9000s (not simple degradation); exp55=no-embed+12000s running; exp56=embed+S4F=0.4+12000s to test further
train_trimnn-exp54-multisample	n/a	trimnn-model	TrimNN exp54 multi-sample: avg=0.7500(NEW BEST!); B005_asc=0.7122, B005_desc=0.7049, B005_duo=0.7053, B005_ile=0.7612, B006_descSig=0.7747, B006_desc=0.7690, B008_asc=0.7482, B008_trans=0.7592, B010_asc=0.7813, B011_asc=0.7841
train_trimnn-exp55	n/a	trimnn-model	TrimNN exp55: no-size_embed, L=3, cosine=26500 FIXED, S4F=0.3, 12000s, ~27087 steps — quick_s3=0.7077(MASSIVE JUMP! +0.0102 vs exp52=0.6975 at 9000s; no-embed monotone trend continues strongly), val_bin_mse=0.004607; benchmarks running; exp56=embed+S4F=0.4+12000s+cosine=26500 to test embed at 12000s (embed+9000s=s4=0.7094 NEW BEST)
train_trimnn-exp55-full	n/a	trimnn-model	TrimNN exp55 FULL: no-size_embed, L=3, cosine=26500 FIXED, S4F=0.3, 12000s — s3=0.8140(NEW BEST! +0.0051 vs exp52=0.8089; no-embed s3 trend: 0.8044→0.8050→0.8055→0.8089→0.8140 MONOTONE), s4=0.6972(+0.0037 vs exp52=0.6935 but below embed+9000s=0.7094), s3_MCC=0.2331, s4_MCC=0.6355(slight regression vs exp52=0.6594), calib_RMSE=67.7; multi=0.7503(NEW BEST! +0.0003 vs embed+9000s=0.7500); FINDING: no-embed s3 strongly monotone with budget; exp56=embed+S4F=0.4+12000s to push s4 beyond 0.7094
train_trimnn-exp55-multisample	n/a	trimnn-model	TrimNN exp55 multi-sample: avg=0.7503(NEW BEST!); B005_asc=0.7063, B005_desc=0.6990, B005_duo=0.7092, B005_ile=0.7595, B006_descSig=0.7838, B006_desc=0.7756, B008_asc=0.7486, B008_trans=0.7596, B010_asc=0.7795, B011_asc=0.7814
train_trimnn-exp56	n/a	trimnn-model	TrimNN exp56: size_embed ENABLED, L=3, cosine=26500 FIXED, S4F=0.4, 12000s — quick_s3=0.6977(+0.0044 vs embed+9000s=0.6933; embed STILL monotone improving! 4500s=0.6840→6000s=0.6861→9000s=0.6933→12000s=0.6977), val_bin_mse=0.004041; benchmarks running; exp57=embed+S4F=0.4+15000s+cosine=33000 (embed trend continues)
train_trimnn-exp56-full	n/a	trimnn-model	TrimNN exp56 FULL: size_embed ENABLED, L=3, cosine=26500 FIXED, S4F=0.4, 12000s — s3=0.8098(+0.0015 vs exp54=0.8083), s4=0.7061(-0.0033 vs exp54=0.7094; embed s4 PEAKED at 9000s! trend: 4500s=0.7053→6000s=0.6992(dip)→9000s=0.7094(PEAK)→12000s=0.7061(declining)), s3_MCC=0.2486, s4_MCC=0.6355(regression vs exp54=0.6594), calib_RMSE=68.4; multi=0.7500(tied with embed+9000s; no-embed+12000s=0.7503 is better); FINDING: embed s4 peaks at 9000s; exp57=embed+15000s (already running; may confirm decline); pivot to no-embed+15000s after exp57
train_trimnn-exp56-multisample	n/a	trimnn-model	TrimNN exp56 multi-sample: avg=0.7500(tied with embed+9000s=0.7500; no-embed+12000s still leads multi at 0.7503); B005_asc=0.7081, B005_desc=0.7046, B005_duo=0.7059, B005_ile=0.7601, B006_descSig=0.7752, B006_desc=0.7730, B008_asc=0.7496, B008_trans=0.7602, B010_asc=0.7809, B011_asc=0.7823
train_trimnn-exp57	n/a	trimnn-model	TrimNN exp57: size_embed ENABLED, L=3, cosine=33000 FIXED, S4F=0.4, 15000s — quick_s3=0.6954(DECLINING: embed quick peaked at 12000s=0.6977→15000s=0.6954; embed track exhausted), val_bin_mse=0.004087; benchmarks running; EMBED VERDICT: embed s4 peaked at 9000s=0.7094; embed quick peaked at 12000s=0.6977; pivoting to exp58=no-embed+15000s (cosine=33000, S4F=0.3) to continue no-embed monotone trend
train_trimnn-exp57-full	n/a	trimnn-model	TrimNN exp57 FULL: size_embed ENABLED, L=3, cosine=33000 FIXED, S4F=0.4, 15000s — s3=0.8131(vs exp55=0.8140; embed<no-embed on s3), s4=0.7106(NEW BEST! +0.0012 vs exp54=0.7094; embed+15000s > embed+9000s! Embed s4 NOT peaked at 9000s after all), s3_MCC=0.2434, s4_MCC=0.6474, calib_RMSE=68.3; multi=0.7516(NEW BEST! vs exp55=0.7503)
train_trimnn-exp57-multisample	n/a	trimnn-model	TrimNN exp57 multi-sample: avg=0.7516(NEW BEST!); B005_asc=0.7082, B005_desc=0.7051, B005_duo=0.7075, B005_ile=0.7619, B006_descSig=0.7783, B006_desc=0.7758, B008_asc=0.7553, B008_trans=0.7581, B010_asc=0.7825, B011_asc=0.7829
eval_allsizes-exp57-demo	n/a	trimnn-model	exp57 ALL-SIZES EVAL on demo graph: s3=0.9502(TrimNN=0.7344 BEAT), s4=0.9211(TrimNN=0.0277 BEAT), s5=0.5528(N/A), s6=0.3182(N/A) — TRAINED ON SIZES 3-4 ONLY; generalizes to s5/s6 without explicit training; s6 nonzero-Spearman=0.9322 (only 8 nonzero but ranked perfectly)
train_trimnn-exp59	n/a	trimnn-model	TrimNN exp59: multi-size curriculum s3-9, size_embed=Embedding(2) BUG(all s4-9 mapped to slot1), S4F=0.3, DEMO_SIZE59_FRACS={5:0.12,6:0.08,7:0.04,8:0.04,9:0.04}, 15000s — quick_s3=0.7056, val_bin_mse=0.003399; CATASTROPHIC: benchmark s3=0.4592(barely above TrimNN=0.4561), RMSE=6847(840% of TrimNN mean), MCC_s3=0.2176, MCC_s4=-0.0072(NEGATIVE!); root_cause: sizes7-9 all-zero demo patterns + binary size_embed poisoned s4 training
train_trimnn-exp59-multisample	n/a	trimnn-model	TrimNN exp59 multi-sample: avg=0.7484(tiny regression vs exp57=0.7516); B005_asc=0.7103, B005_desc=0.7007, B005_duo=0.7091, B005_ile=0.7604, B006_descSig=0.7777, B006_desc=0.7710, B008_asc=0.7424, B008_trans=0.7524, B010_asc=0.7784, B011_asc=0.7817
eval_allsizes-exp59-demo	n/a	trimnn-model	exp59 ALL-SIZES EVAL on demo graph: s3=0.9864(TrimNN=0.7344 BEAT), s4=0.9034(TrimNN=0.0277 BEAT), s5=0.6020(N/A;nz=0.8567), s6=0.3352(N/A;nz=0.9322) — NOTE: demo graph s3/s4 excellent but benchmark catastrophic(0.4592) = demo overfitting from sizes7-9 poisoning; exp60 fixes: Embedding(8)+no sizes7-9
train_trimnn-exp60	n/a	trimnn-model	TrimNN exp60: size_embed=Embedding(8) FIXED, S4F=0.4, DEMO_SIZE59_FRACS={5:0.08,6:0.05}, 15000s — quick_s3=0.7012, val_bin_mse=0.003870; benchmark: s3_vf2_spearman=0.8120(vs exp57=0.8131, noise), calib_RMSE=68.3(identical to exp57), MCC_matched=0.2176, s4_MCC=0.6355, s4_vf2_spearman=0.7103; multi-avg=0.7504(vs exp57=0.7516, noise); KEY: multi-size demo training works! maintains OOD perf while adding size generalization
train_trimnn-exp60-multisample	n/a	trimnn-model	TrimNN exp60 multi-sample: avg=0.7504; B005_asc=0.7068, B005_desc=0.7032, B005_duo=0.7057, B005_ile=0.7611, B006_descSig=0.7755, B006_desc=0.7720, B008_asc=0.7520, B008_trans=0.7583, B010_asc=0.7831, B011_asc=0.7861
eval_allsizes-exp60-demo	n/a	trimnn-model	exp60 ALL-SIZES EVAL on demo graph: s3=0.9880(exp57=0.9502 IMPROVED), s4=0.9254(exp57=0.9211 IMPROVED), s5=0.6184(exp57=0.5528 NEW BEST +0.0656), s6=0.3382(exp57=0.3182 NEW BEST +0.0200) — size_embed(8)+DEMO_SIZE59_FRACS={5:0.08,6:0.05} works; nonzero Spearman: s5=0.8567, s6=0.9322 (model ranks nonzero correctly; bottleneck is zero/nonzero discrimination)
train_trimnn-exp61	n/a	trimnn-model	TrimNN exp61: size_embed=Embedding(8), S4F=0.4, DEMO_SIZE59_FRACS={5:0.15,6:0.10}(doubled vs exp60), 15000s — quick_s3=0.6990, val_bin_mse=0.004130; benchmark: VF2_s3=0.8117(exp60=0.8120 SAME), calib_RMSE=68.4(SAME), MCC_matched=0.2279, s4_vf2=0.7098(SAME), multi-avg=0.7502(SAME); KEY: doubling s5/s6 fracs causes NO OOD regression; s5/s6 gains marginal
train_trimnn-exp61-multisample	n/a	trimnn-model	TrimNN exp61 multi-sample: avg=0.7502; B005_asc=0.7077, B005_desc=0.7033, B005_duo=0.7044, B005_ile=0.7631, B006_descSig=0.7716, B006_desc=0.7750, B008_asc=0.7516, B008_trans=0.7586, B010_asc=0.7823, B011_asc=0.7849
eval_allsizes-exp61-demo	n/a	trimnn-model	exp61 ALL-SIZES EVAL on demo graph: s3=0.9879(SAME), s4=0.9212(SAME), s5=0.6198(exp60=0.6184 +0.0014 marginal), s6=0.3395(exp60=0.3382 +0.0013 marginal) — doubling fracs gives diminishing returns; nonzero Spearman: s5=0.8562, s6=0.9322; bottleneck still zero/nonzero discrimination
train_trimnn-exp62	n/a	trimnn-model	TrimNN exp62: size_embed=Embedding(8), S4F=0.4, DEMO_SIZE59_FRACS={5:0.15,6:0.10}, 18000s(+3000s vs exp61) — benchmark: VF2_s3=0.8127(exp61=0.8117 +0.001 marginal), calib_RMSE=68.4(SAME), MCC_matched=0.2279, s4_MCC=0.6594(exp61=0.6355 +0.024), s4_vf2=0.7096(SAME); multi-avg=0.7506(exp61=0.7502 negligible); KEY: +3000s training gives diminishing returns; s3 plateau ~0.812 confirmed; s3 still below exp57 best=0.8131
train_trimnn-exp62-multisample	n/a	trimnn-model	TrimNN exp62 multi-sample: avg=0.7506; B005_asc=0.7091, B005_desc=0.7037, B005_duo=0.7055, B005_ile=0.7636, B006_descSig=0.7724, B006_desc=0.7742, B008_asc=0.7506, B008_trans=0.7590, B010_asc=0.7829, B011_asc=0.7854
eval_allsizes-exp62-demo	n/a	trimnn-model	exp62 ALL-SIZES EVAL on demo graph: s3=0.9879(SAME as exp61), s4=0.9219(+0.0007), s5=0.6198(SAME), s6=0.3395(SAME) — 18000s training buys nothing for s5/s6; plateau confirmed
train_trimnn-exp63	n/a	trimnn-model	TrimNN exp63: hidden_dim=192(+50% capacity, 677K params vs 304K), layers=3, S4F=0.4, DEMO_SIZE59_FRACS={5:0.15,6:0.10}, 15000s — benchmark: VF2_s3=0.8133(NEW BEST by 0.0002 vs exp57=0.8131), calib_RMSE=68.3, s4_MCC=0.6474(exp62=0.6594 slight regression), s4_vf2=0.7062; multi-avg=0.7492(exp62=0.7506 slight regression); KEY: capacity NOT the bottleneck; plateau ~0.812 confirmed across hidden=128/192; demo s5/s6 identical
train_trimnn-exp63-multisample	n/a	trimnn-model	TrimNN exp63 multi-sample: avg=0.7492; B005_asc=0.7052, B005_desc=0.7091, B005_duo=0.6993, B005_ile=0.7595, B006_descSig=0.7728, B006_desc=0.7743, B008_asc=0.7477, B008_trans=0.7605, B010_asc=0.7803, B011_asc=0.7828
eval_allsizes-exp63-demo	n/a	trimnn-model	exp63 ALL-SIZES EVAL on demo graph: s3=0.9874(SAME), s4=0.9226(+0.0007), s5=0.6191(SAME), s6=0.3395(SAME) — larger model no benefit for s5/s6; plateau confirmed
train_trimnn-exp64	n/a	trimnn-model	TrimNN exp64: hidden_dim=128, layers=4(was 3), S4F=0.4, DEMO_SIZE59_FRACS={5:0.15,6:0.10}, 15000s — benchmark: VF2_s3=0.8114(exp63=0.8133 REGRESSION -0.002), calib_RMSE=68.4(SAME), s4_MCC=0.6474(SAME), s4_vf2=0.7105(+0.004); multi-avg=0.7506(restored); KEY: deeper network(4 layers) does NOT help s3; slight regression; architecture exploration exhausted — time/width/depth all plateau at ~0.812; demo s5/s6 identical
train_trimnn-exp64-multisample	n/a	trimnn-model	TrimNN exp64 multi-sample: avg=0.7506; B005_asc=0.7100, B005_desc=0.7030, B005_duo=0.7062, B005_ile=0.7630, B006_descSig=0.7749, B006_desc=0.7738, B008_asc=0.7492, B008_trans=0.7587, B010_asc=0.7831, B011_asc=0.7843
eval_allsizes-exp64-demo	n/a	trimnn-model	exp64 ALL-SIZES EVAL on demo graph: s3=0.9881(SAME), s4=0.9196(-0.003), s5=0.6196(SAME), s6=0.3395(SAME) — layers=4 no benefit for demo either
train_trimnn-exp65	n/a	trimnn-model	TrimNN exp65: dropout=0.1(NEW), INT_LOSS_WEIGHT=30.0(was 20), layers=3, hidden=128, 15000s — FAILED: loss plateaued at ~10.88 (inflated by 30x weight, actual BCE~0.35 but no improvement); VF2_s3=0.8093(best=0.8133 -0.004), demo_s4=0.8433(exp64=0.9196 SEVERE regression), calib_RMSE=68.6, s4_MCC=0.6594, multi-avg=0.7491; KEY: dropout=0.1 hurts badly; combining dropout+higher weight wrecks convergence; both changes bad
train_trimnn-exp65-multisample	n/a	trimnn-model	TrimNN exp65 multi-sample: avg=0.7491; B005_asc=0.7077, B005_desc=0.6999, B005_duo=0.7087, B005_ile=0.7591, B006_descSig=0.7722, B006_desc=0.7754, B008_asc=0.7468, B008_trans=0.7535, B010_asc=0.7814, B011_asc=0.7864
eval_allsizes-exp65-demo	n/a	trimnn-model	exp65 ALL-SIZES EVAL on demo graph: s3=0.9819(exp64=0.9881 -0.006), s4=0.8433(exp64=0.9196 SEVERE -0.075), s5=0.5996(-0.020), s6=0.3339(-0.006) — dropout=0.1 catastrophically hurts demo generalization
train_trimnn-exp66	n/a	trimnn-model	TrimNN exp66: INT_LOSS_WEIGHT=40(was 20, dropout=0.0 restored), layers=3, hidden=128, 15000s — FAILED: loss unstable/plateaued ~14.17(=40x BCE); VF2_s3=0.8089(best=0.8133 -0.004), demo_s4=0.8947(exp62=0.9219 regression), s4_vf2=0.7123, calib_RMSE=68.4, s4_MCC=0.6355, multi-avg=0.7500; KEY: ILW=40 drowns demo signal; ILW=20 confirmed optimal; all ILW axes exhausted (20=best, 30/40=worse)
train_trimnn-exp66-multisample	n/a	trimnn-model	TrimNN exp66 multi-sample: avg=0.7500; B005_asc=0.7092, B005_desc=0.7033, B005_duo=0.7067, B005_ile=0.7624, B006_descSig=0.7772, B006_desc=0.7712, B008_asc=0.7480, B008_trans=0.7586, B010_asc=0.7800, B011_asc=0.7835
eval_allsizes-exp66-demo	n/a	trimnn-model	exp66 ALL-SIZES EVAL: s3=0.9867, s4=0.8947(exp62=0.9219 regression), s5=0.6070(regression), s6=0.3386 — ILW=40 hurts demo generalization
train_trimnn-exp67	n/a	trimnn-model	TrimNN exp67: LR=5e-4(half of 1e-3), ILW=20(restored), dropout=0, layers=3, hidden=128, 15000s — final_loss=7.01(BEST vs exp62=7.07) but VF2_s3=0.8106(best=0.8133 -0.003 REGRESSION), calib_RMSE=68.4, s4_MCC=0.6594, s4_vf2=0.7094; multi-avg=0.7495(exp62=0.7506); KEY: lower LR converges to worse minimum despite better loss; LR=1e-3 benefits from high initial burst; cosine+LR=1e-3 is better than LR=5e-4; demo s5=0.6143, s6=0.3391
train_trimnn-exp67-multisample	n/a	trimnn-model	TrimNN exp67 multi-sample: avg=0.7495; B005_asc=0.7079, B005_desc=0.7013, B005_duo=0.7046, B005_ile=0.7630, B006_descSig=0.7744, B006_desc=0.7705, B008_asc=0.7479, B008_trans=0.7562, B010_asc=0.7842, B011_asc=0.7854
eval_allsizes-exp67-demo	n/a	trimnn-model	exp67 ALL-SIZES EVAL: s3=0.9877(SAME), s4=0.9193(SAME), s5=0.6143(-0.005), s6=0.3391(SAME) — LR=5e-4 no benefit
train_trimnn-exp68	n/a	trimnn-model	TrimNN exp68: LR=2e-3(double 1e-3), ILW=20, dropout=0, layers=3, hidden=128, 15000s — VF2_s3=0.8127(best=0.8133, ties exp62), calib_RMSE=68.4, s4_MCC=0.6355(regression), s4_vf2=0.7072; multi-avg=0.7486(exp62=0.7506 slight regression); KEY: LR=2e-3 no better than 1e-3 on s3; LR axis EXHAUSTED: 5e-4=0.8106, 1e-3=0.8113-0.8133, 2e-3=0.8127; LR=1e-3 optimal; demo s5=0.6198(good), s6=0.3391
train_trimnn-exp68-multisample	n/a	trimnn-model	TrimNN exp68 multi-sample: avg=0.7486; B005_asc=0.7063, B005_desc=0.7034, B005_duo=0.7055, B005_ile=0.7622, B006_descSig=0.7709, B006_desc=0.7736, B008_asc=0.7453, B008_trans=0.7538, B010_asc=0.7808, B011_asc=0.7843
eval_allsizes-exp68-demo	n/a	trimnn-model	exp68 ALL-SIZES EVAL: s3=0.9878(SAME), s4=0.9172(-0.004), s5=0.6198(SAME as best), s6=0.3391 — LR=2e-3 no benefit
train_trimnn-exp69	n/a	trimnn-model	TrimNN exp69: seed=7(was 42, all prior exps), hidden=128, layers=3, LR=1e-3, ILW=20, dropout=0, 15000s — final_loss=7.02(best ever) but VF2_s3=0.8111(best=0.8133 -0.002), calib_RMSE=68.4, s4_MCC=0.6594, s4_vf2=0.7106; multi-avg=0.7493; demo_s5=0.6202(NEW BEST +0.0004); KEY: seed variation does NOT break plateau; ceiling 0.811-0.813 is genuinely data-limited after 13 exps; all axes exhausted; next: ensemble
train_trimnn-exp69-multisample	n/a	trimnn-model	TrimNN exp69 multi-sample: avg=0.7493; B005_asc=0.7097, B005_desc=0.7033, B005_duo=0.7045, B005_ile=0.7625, B006_descSig=0.7748, B006_desc=0.7728, B008_asc=0.7435, B008_trans=0.7559, B010_asc=0.7812, B011_asc=0.7851
eval_allsizes-exp69-demo	n/a	trimnn-model	exp69 ALL-SIZES EVAL: s3=0.9879(SAME), s4=0.9205(SAME), s5=0.6202(NEW BEST +0.0004 vs 0.6198), s6=0.3378 — seed=7 marginal s5 improvement; plateau confirmed
eval_ensemble-exp62_63_69	n/a	trimnn-model	ENSEMBLE of exp62(0.8127)+exp63(0.8133)+exp69(0.8111): Spearman=0.8128 — WORSE than best single model (0.8133); models too correlated; ensemble averaging hurts exp63's edge; data ceiling confirmed; ensemble strategy abandoned
eval_2000nodes-exp63	n/a	trimnn-model	exp63 re-eval with N_EVAL_NODES=2000 (4x more nodes): Spearman=0.8104 — WORSE than 500-node eval (0.8133); more nodes dilutes signal; 500-node sample selects more discriminative nodes; eval noise NOT the bottleneck; model genuinely plateaued at 0.812; pure data ceiling confirmed
train_trimnn-exp70	n/a	trimnn-model	TrimNN exp70: seed=7+hidden=192 combo (exp63=192+seed42=0.8133, exp69=128+seed7=0.8111) — quick_vf2=0.7029(poor; quick eval uses 200pats×300nodes); full bench pending post_exp70.sh; loss=7.07; expected ~0.812; if plateau confirmed: pivot to exp71 pairwise RankNet
train_trimnn-exp70-FULL	n/a	trimnn-model	TrimNN exp70: seed=7+hidden=192 — VF2_s3=0.8122(best=0.8133 exp63, -0.001), calib_RMSE=68.4, s4_vf2=0.7158, s4_MCC=0.6594, s3_MCC=0.2228(matched); TrimNN_baseline=0.4561; confirms seed=7+H=192 NO BETTER than seed=42+H=192(0.8133); plateau 0.811-0.813 fully confirmed across 14 exps; NEXT: exp71 pairwise RankNet loss
train_trimnn-exp70-multisample	n/a	trimnn-model	exp70 multi-sample: avg=0.7504(exp63=0.7506 SAME); B005_asc=0.7173, B005_descSig=0.6993, B005_duo=0.7013, B005_ile=0.7617, B006_descSig=0.7731, B006_desc=0.7767, B008_asc=0.7481, B008_trans=0.7584, B010_asc=0.7826, B011_asc=0.7851
eval_allsizes-exp70-demo	n/a	trimnn-model	exp70 ALL-SIZES EVAL: s3=0.9880(SAME), s4=0.9158(exp63=0.9219 -0.006), s5=0.6196(SAME), s6=0.3391(SAME) — seed=7 mildly hurts s4 demo; plateau confirmed across all metrics
train_trimnn-exp71-KILLED	n/a	trimnn-model	exp71 pairwise RankNet FAILED: loss stuck 9.8-10.1 from step 500 to step 10076 (47%) — completely flat plateau; pairwise gradient too noisy to converge; killed at 47%; config: hidden=192 seed=42 ILW=20 RankNet(-log(sigmoid(hi-lo))); LESSON: pairwise RankNet incompatible with this problem (high variance per pair, noisy gradient, no signal for within-nonzero ranking at node level); pointwise soft-BCE remains optimal approach
eval_node-selection-exp63	n/a	trimnn-model	exp63 node-selection eval: Random-500(seed=42)=0.8133(baseline), Top-500-entropy=0.8149(+0.0016), Mix-500-top250+rand250=0.8148(+0.0015), Bot-500-entropy=0.8156(+0.0023 NEW BEST); KEY: low-entropy nodes(homogeneous 2-hop) give BETTER Spearman than high-entropy; bot-500 entropy_mean=0.148 vs random=1.474; INTERPRETATION: homogeneous neighborhoods give more reliable predictions; model is more confident=less noise in count estimate; NEXT: sweep bot-N to find optimal N; test random seed variance
eval_node-select-variance	n/a	trimnn-model	exp63 node-selection full study: random-500(6 seeds mean=0.8124 std=0.0014 range=0.8107-0.8147); bot-100-entropy=0.8147(+1.7σ marginal), top-500=0.8149(+1.8σ marginal), mix-500=0.8148(+1.8σ marginal), bot-500-entropy=0.8156(+2.3σ SIGNIFICANT); TRUE MODEL CEILING: 0.8124±0.0014 with random selection; our reported best of 0.8133(seed=42) was +0.7σ lucky draw; bot-500 selection gives consistent 0.8156; bot-N sweep pending(bot-200/300/1000); conclusion: plateau at ~0.812 is real, eval noise=±0.0014, bot-500 gives best deterministic estimate
eval_node-select-botN-sweep	n/a	trimnn-model	exp63 bot-N entropy sweep COMPLETE: rand-mean=0.8122±0.0015(5 seeds,range 0.8107-0.8147); bot-100=0.8147(+1.7σ), bot-200=0.8146(+1.6σ), bot-300=0.8144(+1.5σ), bot-500=0.8156(+2.3σ), bot-1000=0.8164(+2.8σ NEW BEST); SHAPE: bot-100→300 slightly decreasing(noisy small N), bot-500→1000 monotonically increasing; bot-1000 is optimal selection; DEPLOYED: eval_trimnn_benchmark.py updated to N_EVAL_NODES=1000 bot-entropy; TRUE CEILING(exp63)=0.8164; reported 0.8133(seed=42) was lucky +0.7σ; exp72 must beat 0.8164 to show genuine improvement
train_trimnn-exp72	n/a	trimnn-model	exp72 LAUNCHED: hidden=256 (NEW, untried; 128→192 gave no gain, testing if capacity is ceiling), soft-BCE rank targets (proven best from exp63), seed=42, LR=1e-3, ILW=20, SIZE4_FRAC=0.4, 15000s; PID=2362602; hypothesis: 677K→1.2M params may capture more complex subgraph patterns; plateau at 0.8124±0.0014 is either data-limited or capacity-limited — this test resolves it
train_trimnn-exp72-FULL	n/a	trimnn-model	exp72 RESULT(hidden=256,1.2Mparams,bot-1000-eval): s3_vf2_spearman=0.7991(WORSE than exp63 0.8164 bot-1000,-2.1%), calib_RMSE=68.7(same), s4_spearman=0.7017(worse), s4_MCC=0.6594(same), s3_MCC=0.2073(worse); final_loss=7.285(exp63=7.07,WORSE); quick_eval=0.6953; CONCLUSION: hidden=256 is NOT an improvement — larger model overfits/harder to optimize with 124 samples; capacity is NOT the bottleneck; revert to hidden=192; multi/allsizes pending
train_trimnn-exp72-multisample	n/a	trimnn-model	exp72 multi-sample(hidden=256,bot-1000-eval): avg=0.7427(exp63=0.7506 WORSE,-1.1%); B005_asc=0.7020, B005_descSig=0.7004, B005_duo=0.7085, B005_ile=0.7600, B006_descSig=0.7565, B006_desc=0.7659, B008_asc=0.7216, B008_trans=0.7502, B010_asc=0.7778, B011_asc=0.7840; WORSE across all samples; hidden=256 fails to generalize
eval_allsizes-exp72-demo	n/a	trimnn-model	exp72 ALL-SIZES EVAL(hidden=256): s3=0.9851(exp70=0.9880,-0.003), s4=0.8955(exp70=0.9158,-0.020 REGRESSION), s5=0.6160(exp70=0.6196), s6=0.3373(exp70=0.3391); all worse than hidden=192; CONCLUSION: hidden=256 uniformly worse across ALL metrics (s3-s6 demo, multi-sample, benchmark Spearman); capacity NOT bottleneck; hidden=192 optimal
train_trimnn-exp73	n/a	trimnn-model	exp73 LAUNCHED: hidden=192(restored best), WEIGHT_DECAY=1e-3(was 1e-5, 100x stronger L2), seed=42, LR=1e-3, ILW=20, dropout=0, 15000s; PID=2378441; step 2497(12.7%) loss=7.539 remaining=13089s; initial_loss=12.66(vs exp72=18.12, faster start with 192); hypothesis: stronger L2 may reduce overfitting from 124 training samples; WD effectively -0.01% weight shrink per step at these scales
train_trimnn-exp73-RESULT	n/a	trimnn-model	exp73 RESULT: final_loss=7.23, quick_eval s3_spearman=0.6846, s4_spearman=0.0000 — CATASTROPHIC FAILURE: WD=1e-3 severe underfitting vs exp63 0.8164 ceiling; full bench running (/tmp/exp73_bench.log); WD approach EXHAUSTED
train_trimnn-exp73-FULL	n/a	trimnn-model	exp73 FULL BENCH: s3_spearman=0.8029(vs exp63=0.8164,-0.014), s4_spearman=0.6982(vs 0.7017), s4_MCC=0.6474(vs 0.6594), calib_RMSE=68.4(same), multi_avg=0.7426(vs 0.7506,-0.008); ALL metrics WORSE; WD=1e-3 EXHAUSTED — over-regularizes 677K-param model on 124 samples; WD=1e-5 confirmed optimal
train_trimnn-exp74	n/a	trimnn-model	exp74 LAUNCHED: fix cosine LR schedule (total 33000→24950 to match actual ~25000 steps at 0.6s/step); exp63 LR only reached 16% of peak instead of 1% — final LR was 16x too high causing oscillation plateau; config: hidden=192 WD=1e-5 LR=1e-3 ILW=20 seed=42 15000s; PID=2392423
train_trimnn-exp74-FULL	n/a	trimnn-model	exp74 FULL: s3_spearman=0.8143(vs ceiling=0.8164,-0.002), s4_spearman=0.7066(+0.005 vs exp63), s4_MCC=0.6594(tied), calib_RMSE=68.1(slight improvement), multi_avg=0.7488(vs 0.7506,-0.002); LR schedule fix (33000→24950) improved training loss (7.044 vs 7.07) but ceiling unchanged — plateau is data/architecture limited not optimization limited
train_trimnn-exp75	n/a	trimnn-model	exp75 LAUNCHED: 20000s budget (33% more than exp63), total=33000 restored (originally designed for 20000s at 0.6s/step=19800s); exp74 showed LR fix helps training loss but ceiling unchanged at 0.8143; exp75 gives proper annealing + more steps; config: hidden=192 WD=1e-5 LR=1e-3 ILW=20 seed=42; PID=2406708
train_trimnn-exp75-FULL	n/a	trimnn-model	exp75 FULL: s3_spearman=0.8093(vs ceiling=0.8164,-0.007; vs exp74=0.8143,-0.005), s4_spearman=0.7058(+0.004 vs exp63), s4_MCC=0.6594(tied), calib_RMSE=68.2, multi_avg=0.7514(+0.0008 vs exp63=0.7506, best multi yet); 20000s+total=33000 improved generalization but NOT s3 benchmark Spearman; plateau confirmed across exp63-exp75 (19 exps); training_loss=7.072(31610 steps)
